{
    "xgboost": {
        "accuracy": 10.437753745059098,
        "rmse": 11.19377361999671
    },
    "lightgbm": {
        "accuracy": 3.9790067646460203,
        "rmse": 11.77890590010457
    }
}